"Store Name","Address","Address 2","City","State","Zip","County","Store Type","Incentive Program","Grantee Name","Point Source","Selected Location"
"store_name","address","address2","city","state","zip5","county","store_type","incentive_program","grantee_name","Source","Location"
"TRADER JOE'S BOSTON 500","500 Boylston St","","Boston","MA","02116","SUFFOLK","Supermarket","","","USDA","Boston (City, 2020)"
"TROPICAL FOODS INTERNATIONAL INC","450 Melnea Cass Blvd","","Roxbury","MA","02119","SUFFOLK","Super Store","","","USDA","Boston (City, 2020)"
"TRUONG THINH II MARKET","1305 Dorchester Ave","","Dorchester","MA","02122","SUFFOLK","Super Store","","","USDA","Boston (City, 2020)"
"Tandav Corporation","334 E 8th St","","South Boston","MA","02127","SUFFOLK","Convenience Store","","","USDA","Boston (City, 2020)"
"Target Store 2822","1341 Boylston St","","Boston","MA","02215","SUFFOLK","Super Store","","","USDA","Boston (City, 2020)"
"Target Store T3363","500 Geneva Ave","","Dorchester","MA","02122","SUFFOLK","Super Store","","","USDA","Boston (City, 2020)"
"Target Store T3368","100 Cambridge St","Ste 2","Boston","MA","02114","SUFFOLK","Super Store","","","USDA","Boston (City, 2020)"
"Target T3223","4165 Washington St","","Roslindale","MA","02131","SUFFOLK","Super Store","","","USDA","Boston (City, 2020)"
"Tedeschi Food Shops 37495H","320 Neponset Ave","","Dorchester","MA","02122","SUFFOLK","Convenience Store","","","USDA","Boston (City, 2020)"
"Tejeda Family Market","1435 Blue Hill Ave","","Mattapan","MA","02126","SUFFOLK","Grocery Store","","","USDA","Boston (City, 2020)"
"Tesoro Market And Deli Partnership","188 Chelsea St","","East Boston","MA","02128","SUFFOLK","Grocery Store","","","USDA","Boston (City, 2020)"
"The Corner Mini Market L.l.c.","515 Bennington St","","East Boston","MA","02128","SUFFOLK","Convenience Store","","","USDA","Boston (City, 2020)"
"The Daily Market 001","110 Savin Hill Ave","","Dorchester","MA","02125","SUFFOLK","Supermarket","","","USDA","Boston (City, 2020)"
"The Station Grocery","9 Maverick Sq","","Boston","MA","02128","SUFFOLK","Convenience Store","","","USDA","Boston (City, 2020)"
"The Wildduck Market Place","717 Boylston St","","Boston","MA","02116","SUFFOLK","Convenience Store","","","USDA","Boston (City, 2020)"
"Three S Enterprise Inc","991 River St","","Hyde Park","MA","02136","SUFFOLK","Convenience Store","","","USDA","Boston (City, 2020)"
"Tienda Y Taqueria San Antonio","257 Princeton St","","East Boston","MA","02128","SUFFOLK","Convenience Store","","","USDA","Boston (City, 2020)"
"Tjs Family Inc/Family Food Shop","609 Walk Hill St","","Mattapan","MA","02126","SUFFOLK","Convenience Store","","","USDA","Boston (City, 2020)"
"Tony's Market","4381 Washington St","","Roslindale","MA","02131","SUFFOLK","Specialty Store","","","USDA","Boston (City, 2020)"
"Top Asian Grocery","5 Knapp St","","Boston","MA","02111","SUFFOLK","Grocery Store","","","USDA","Boston (City, 2020)"
"Top Shelf","161 Charles St","","Boston","MA","02114","SUFFOLK","Convenience Store","","","USDA","Boston (City, 2020)"
"Trader Joe's 510","899 Boylston St","","Boston","MA","02115","SUFFOLK","Supermarket","","","USDA","Boston (City, 2020)"
"Trader Joe's 561","199 N Harvard St","Ste B","Allston","MA","02134","SUFFOLK","Supermarket","","","USDA","Boston (City, 2020)"
"Trader Joe's 566","44 Thomson Pl","","Boston","MA","02210","SUFFOLK","Supermarket","","","USDA","Boston (City, 2020)"
"Trader Joe's Boston (West Roxbury) 588","1999 Centre St","","West Roxbury","MA","02132","SUFFOLK","Supermarket","","","USDA","Boston (City, 2020)"
"Tremont Market","748 Tremont St","","Boston","MA","02118","SUFFOLK","Convenience Store","","","USDA","Boston (City, 2020)"
"Trenton St Market","104 Trenton St","","East Boston","MA","02128","SUFFOLK","Convenience Store","","","USDA","Boston (City, 2020)"
"Tropic Food Market","1007 Blue Hill Ave","","Dorchester Center","MA","02124","SUFFOLK","Grocery Store","","","USDA","Boston (City, 2020)"
"Tropical Food Mart","4545 Washington St","","Roslindale","MA","02131","SUFFOLK","Convenience Store","","","USDA","Boston (City, 2020)"
"Tropical Grocery Store","67 Hancock St","","Dorchester","MA","02125","SUFFOLK","Grocery Store","","","USDA","Boston (City, 2020)"
"Tropical Market","371 Centre St","","Jamaica Plain","MA","02130","SUFFOLK","Convenience Store","","","USDA","Boston (City, 2020)"
"Two Brothers Market","75 Marion St","","Boston","MA","02128","SUFFOLK","Convenience Store","","","USDA","Boston (City, 2020)"
"Umass Boston C-Store 94329021","100 Morrissey Blvd","","Boston","MA","02125","SUFFOLK","Convenience Store","","","USDA","Boston (City, 2020)"
"United National Market","134 Bunker Hill St","","Charlestown","MA","02129","SUFFOLK","Convenience Store","","","USDA","Boston (City, 2020)"
"Upali Convenience","3 Neponset Ave","","Dorchester","MA","02122","SUFFOLK","Convenience Store","","","USDA","Boston (City, 2020)"
"Uphams Corner Market","521 Columbia Rd","","Dorchester","MA","02125","SUFFOLK","Convenience Store","","","USDA","Boston (City, 2020)"
"Urban Farming Institute Of Boston Inc 191","487 Norfolk St","","Mattapan","MA","02126","SUFFOLK","Farmers and Markets","","","USDA","Boston (City, 2020)"
"V & D Variety","365 Adams St","","Dorchester","MA","02122","SUFFOLK","Convenience Store","","","USDA","Boston (City, 2020)"
"V & D Variety Store","1897 River St","","Hyde Park","MA","02136","SUFFOLK","Convenience Store","","","USDA","Boston (City, 2020)"
"V And D Variety","295 Adams St","","Dorchester","MA","02122","SUFFOLK","Convenience Store","","","USDA","Boston (City, 2020)"
"Vejigantes Restaurant","57 W Dedham St","","Boston","MA","02118","SUFFOLK","Restaurant Meals Program","","","USDA","Boston (City, 2020)"
"Venice Convenience Inc","38 Cooper St","","Boston","MA","02113","SUFFOLK","Convenience Store","","","USDA","Boston (City, 2020)"
"Veronica's Market","160 Trenton St","","Boston","MA","02128","SUFFOLK","Grocery Store","","","USDA","Boston (City, 2020)"
"Victory Programs Revision Urban Farm","38 Fabyan St","","Dorchester Center","MA","02124","SUFFOLK","Farmers and Markets","","","USDA","Boston (City, 2020)"
"Village Market","30 Corinth St","","Roslindale","MA","02131","SUFFOLK","Supermarket","","","USDA","Boston (City, 2020)"
"Vitoria Meat Market","192 Brighton Ave","","Allston","MA","02134","SUFFOLK","Grocery Store","","","USDA","Boston (City, 2020)"
"WALGREENS  07189","1630 Tremont St","","Roxbury Crossing","MA","02120","SUFFOLK","Other","","","USDA","Boston (City, 2020)"
"Walden Local Butcher Shop 1","316A Shawmut Ave","","Boston","MA","02118","SUFFOLK","Specialty Store","","","USDA","Boston (City, 2020)"
"Walgreens 02933","841 Boylston St","","Boston","MA","02116","SUFFOLK","Other","","","USDA","Boston (City, 2020)"
"Walgreens 03135","825 Morton St","","Mattapan","MA","02126","SUFFOLK","Other","","","USDA","Boston (City, 2020)"
"Walgreens 05756","1 Central Sq","","East Boston","MA","02128","SUFFOLK","Other","","","USDA","Boston (City, 2020)"
"Walgreens 10317","1035 Truman Hwy","","Hyde Park","MA","02136","SUFFOLK","Other","","","USDA","Boston (City, 2020)"
"Walgreens 15390","24 School St","","Boston","MA","02108","SUFFOLK","Other","","","USDA","Boston (City, 2020)"
"Walgreens 17169","710 E Broadway","","South Boston","MA","02127","SUFFOLK","Other","","","USDA","Boston (City, 2020)"
"Walgreens 19437","1100 Dorchester Ave","","Dorchester","MA","02125","SUFFOLK","Other","","","USDA","Boston (City, 2020)"
"Walgreens 4072","1890 Columbus Ave","","Roxbury","MA","02119","SUFFOLK","Other","","","USDA","Boston (City, 2020)"
"Warren Food Mart","394 Warren St","","Roxbury","MA","02119","SUFFOLK","Convenience Store","","","USDA","Boston (City, 2020)"
"Washington Market 1","485 Washington St","","Dorchester Center","MA","02124","SUFFOLK","Convenience Store","","","USDA","Boston (City, 2020)"
"Wave Express 1","841 Morton St","","Mattapan","MA","02126","SUFFOLK","Convenience Store","","","USDA","Boston (City, 2020)"
"We Grow Microgreens Llc","21 Norton St","","Hyde Park","MA","02136","SUFFOLK","Farmers and Markets","","","USDA","Boston (City, 2020)"
"Welcome Buddy Convenience","4196 Washington St","","Roslindale","MA","02131","SUFFOLK","Convenience Store","","","USDA","Boston (City, 2020)"
"West End Market","74 Staniford St","","Boston","MA","02114","SUFFOLK","Convenience Store","","","USDA","Boston (City, 2020)"
"West Seventh Mini Market","51 W 7th St","","South Boston","MA","02127","SUFFOLK","Convenience Store","","","USDA","Boston (City, 2020)"
"Whole Foods Market 10015","15 Washington St","","Brighton","MA","02135","SUFFOLK","Super Store","","","USDA","Boston (City, 2020)"
"Whole Foods Market 10031","15 Westland Ave","","Boston","MA","02115","SUFFOLK","Super Store","","","USDA","Boston (City, 2020)"
"Whole Foods Market 10158","181 Cambridge St","","Boston","MA","02114","SUFFOLK","Super Store","","","USDA","Boston (City, 2020)"
"Whole Foods Market 10438","415 Centre St","","Jamaica Plain","MA","02130","SUFFOLK","Super Store","","","USDA","Boston (City, 2020)"
"Whole Foods Market 10509","50 Austin St","","Charlestown","MA","02129","SUFFOLK","Super Store","","","USDA","Boston (City, 2020)"
"Whole Foods Market 10513","348 Harrison Ave","","Boston","MA","02118","SUFFOLK","Super Store","","","USDA","Boston (City, 2020)"
"Wolcott General Store","171 Wolcott Sq","","Hyde Park","MA","02136","SUFFOLK","Convenience Store","","","USDA","Boston (City, 2020)"
"Woodrow Food Mart","67 Woodrow Ave","","Dorchester Center","MA","02124","SUFFOLK","Convenience Store","","","USDA","Boston (City, 2020)"
"Y&k Mini Market","248 Market St","","Brighton","MA","02135","SUFFOLK","Grocery Store","","","USDA","Boston (City, 2020)"
"Yammy E. African Market","18 Palmer St","Ste RI","Roxbury","MA","02119","SUFFOLK","Other","","","USDA","Boston (City, 2020)"
"Yessenias Market","3348 Washington St","","Jamaica Plain","MA","02130","SUFFOLK","Grocery Store","","","USDA","Boston (City, 2020)"
"Meat and Fish Market","88B Blackstone St","","Boston","MA","02109","SUFFOLK","Grocery Store","","","USDA","Boston (City, 2020)"
"Mekelle Inc Dba 7-eleven Inc 32465D","1436 Centre St","","Roslindale","MA","02131","SUFFOLK","Convenience Store","","","USDA","Boston (City, 2020)"
"Merengue Express","1415 Tremont St","","Roxbury Crossing","MA","02120","SUFFOLK","Restaurant Meals Program","","","USDA","Boston (City, 2020)"
"Merengue Restaurant","156 Blue Hill Ave","","Roxbury","MA","02119","SUFFOLK","Restaurant Meals Program","","","USDA","Boston (City, 2020)"
"Merkato Mart and Bakery","1127 Harrison Ave","","Roxbury","MA","02119","SUFFOLK","Other","","","USDA","Boston (City, 2020)"
"Metro Herbs","11 Woodrow Ave","","Dorchester Center","MA","02124","SUFFOLK","Farmers and Markets","","","USDA","Boston (City, 2020)"
"Mickelito Multi Services Center","1589 Blue Hill Ave","","Mattapan","MA","02126","SUFFOLK","Other","","","USDA","Boston (City, 2020)"
"Millennium Store Inc","496A Blue Hill Ave","","Dorchester","MA","02121","SUFFOLK","Grocery Store","","","USDA","Boston (City, 2020)"
"Million Market","99 Chelsea St","","East Boston","MA","02128","SUFFOLK","Convenience Store","","","USDA","Boston (City, 2020)"
"Ming's Supermarket Inc.","1102 Washington St","","Boston","MA","02118","SUFFOLK","Super Store","","","USDA","Boston (City, 2020)"
"Mini Central","140 Harvard St","","Dorchester","MA","02124","SUFFOLK","Convenience Store","","","USDA","Boston (City, 2020)"
"Monumental Super Market","213 Washington St","","Dorchester","MA","02121","SUFFOLK","Grocery Store","","","USDA","Boston (City, 2020)"
"Morton Convenience","1139 Blue Hill Ave","","Dorchester Center","MA","02124","SUFFOLK","Convenience Store","","","USDA","Boston (City, 2020)"
"Morton Market","761 Morton St","","Mattapan","MA","02126","SUFFOLK","Grocery Store","","","USDA","Boston (City, 2020)"
"Mr Gas & Mini Market 30726","1600 Tremont St","","Roxbury Crossing","MA","02120","SUFFOLK","Convenience Store","","","USDA","Boston (City, 2020)"
"Mundial De Carnes Butchery 1","9 Meridian St","","East Boston","MA","02128","SUFFOLK","Specialty Store","","","USDA","Boston (City, 2020)"
"N&M MARKET","2359 Washington St","","Roxbury","MA","02119","SUFFOLK","Convenience Store","","","USDA","Boston (City, 2020)"
"NEIGHBORHOOD CONVENIENCE STORE","165 D St","","South Boston","MA","02127","SUFFOLK","Convenience Store","","","USDA","Boston (City, 2020)"
"NEIGHBORHOOD CONVENIENCE STORE","994 Hyde Park Ave","","Hyde Park","MA","02136","SUFFOLK","Convenience Store","","","USDA","Boston (City, 2020)"
"NUNEZ MARKET","305 Dudley St","","Roxbury","MA","02119","SUFFOLK","Convenience Store","","","USDA","Boston (City, 2020)"
"Naidelys Market","367 Blue Hill Ave","","Dorchester","MA","02121","SUFFOLK","Grocery Store","","","USDA","Boston (City, 2020)"
"Nas Convenience Store","111 Erie St","","Dorchester","MA","02121","SUFFOLK","Convenience Store","","","USDA","Boston (City, 2020)"
"Navarrete Grocery","451 Columbia Rd","","Dorchester","MA","02125","SUFFOLK","Grocery Store","","","USDA","Boston (City, 2020)"
"Neighborhood Market","57 Franklin St","","Allston","MA","02134","SUFFOLK","Convenience Store","","","USDA","Boston (City, 2020)"
"Neptune Convenience","3 Neptune Rd","","Boston","MA","02128","SUFFOLK","Grocery Store","","","USDA","Boston (City, 2020)"
"New Family Supermarket","205 Humboldt Ave","","Dorchester","MA","02121","SUFFOLK","Grocery Store","","","USDA","Boston (City, 2020)"
"New Store On The Block","845 Dorchester Ave","# 847","Dorchester","MA","02125","SUFFOLK","Convenience Store","","","USDA","Boston (City, 2020)"
"Newtown Foodmart","87 Medford St","","Charlestown","MA","02129","SUFFOLK","Convenience Store","","","USDA","Boston (City, 2020)"
"Night Star Delli","59 Harvard Ave","","Allston","MA","02134","SUFFOLK","Convenience Store","","","USDA","Boston (City, 2020)"
"Norfolk Convenience","118 Norfolk St","","Dorchester Center","MA","02124","SUFFOLK","Grocery Store","","","USDA","Boston (City, 2020)"
"Nouria 198 Western Avenue 1172","198 Western Ave","","Allston","MA","02134","SUFFOLK","Convenience Store","","","USDA","Boston (City, 2020)"
"Nouria 719 Gallivan Boulevard 1177","719 Gallivan Blvd","","Dorchester","MA","02122","SUFFOLK","Convenience Store","","","USDA","Boston (City, 2020)"
"Nouria Logan 1011","45 Transportation Way","","East Boston","MA","02128","SUFFOLK","Convenience Store","","","USDA","Boston (City, 2020)"
"Nubia Farms NAFMNP","89 Callender St","","Dorchester Center","MA","02124","SUFFOLK","Farmers and Markets","","","USDA","Boston (City, 2020)"
"Nubian Markets","2565 Washington St","","Roxbury","MA","02119","SUFFOLK","Grocery Store","","","USDA","Boston (City, 2020)"
"Nubian Mini Market LLC","42B John Eliot Sq","","Roxbury","MA","02119","SUFFOLK","Convenience Store","","","USDA","Boston (City, 2020)"
"Nubian Square Farmers Market","149 Dudley St","","Roxbury","MA","02119","SUFFOLK","Farmers and Markets","","","USDA","Boston (City, 2020)"
"OKLA Corporation DBA/ 7 Eleven #32457D 32457D","55 Berkeley St","","Boston","MA","02116","SUFFOLK","Convenience Store","","","USDA","Boston (City, 2020)"
"Oasis On Ballou","100 Ballou Ave","","Dorchester Center","MA","02124","SUFFOLK","Farmers and Markets","","","USDA","Boston (City, 2020)"
"Obriens Market","1660 Dorchester Ave","","Dorchester","MA","02122","SUFFOLK","Grocery Store","","","USDA","Boston (City, 2020)"
"Oliveira's Deli Market","243 Faneuil St","","Brighton","MA","02135","SUFFOLK","Grocery Store","","","USDA","Boston (City, 2020)"
"One Stop Convenience","664 Tremont St","","Boston","MA","02118","SUFFOLK","Convenience Store","","","USDA","Boston (City, 2020)"
"Open Sea Fish Market Inc","6 Hancock St","","Dorchester","MA","02125","SUFFOLK","Specialty Store","","","USDA","Boston (City, 2020)"
"Orient Heights Food Market","1016 Bennington St","","East Boston","MA","02128","SUFFOLK","Convenience Store","","","USDA","Boston (City, 2020)"
"Oriental Farm","1353 Dorchester Ave","","Dorchester","MA","02122","SUFFOLK","Farmers and Markets","","","USDA","Boston (City, 2020)"
"PIMENTAL MARKET","340 Centre St","","Jamaica Plain","MA","02130","SUFFOLK","Convenience Store","","","USDA","Boston (City, 2020)"
"PURITAN BEEF CO INC","90 Blackstone St","","Boston","MA","02109","SUFFOLK","Specialty Store","","","USDA","Boston (City, 2020)"
"Papis Market","3145 Washington St","","Jamaica Plain","MA","02130","SUFFOLK","Convenience Store","","","USDA","Boston (City, 2020)"
"Paradise Market Inc","517 Warren St","","Dorchester","MA","02121","SUFFOLK","Grocery Store","","","USDA","Boston (City, 2020)"
"Paradise Market Inc","517 Warren St","","Dorchester","MA","02121","SUFFOLK","Grocery Store","","","USDA","Boston (City, 2020)"
"Park N Go","613 Park St","","Dorchester Center","MA","02124","SUFFOLK","Convenience Store","","","USDA","Boston (City, 2020)"
"Paw Flava Convenience","734 Blue Hill Ave","","Dorchester","MA","02121","SUFFOLK","Convenience Store","","","USDA","Boston (City, 2020)"
"Phu Cuong Market","1188 Dorchester Ave","","Dorchester","MA","02125","SUFFOLK","Super Store","","","USDA","Boston (City, 2020)"
"Phu Thinh","1826 Dorchester Ave","","Dorchester Center","MA","02124","SUFFOLK","Grocery Store","","","USDA","Boston (City, 2020)"
"Pina's Grocery Store Inc","1985A Columbus Ave","","Roxbury","MA","02119","SUFFOLK","Grocery Store","","","USDA","Boston (City, 2020)"
"Pisces Fish Market N/A","690 American Legion Hwy","","Roslindale","MA","02131","SUFFOLK","Other","","","USDA","Boston (City, 2020)"
"Pit Stop","695 Truman Hwy","","Hyde Park","MA","02136","SUFFOLK","Convenience Store","","","USDA","Boston (City, 2020)"
"Plaza Fish 2 Inc","777 William T Morrissey Blvd","located inside supermarket","Dorchester","MA","02122","SUFFOLK","Specialty Store","","","USDA","Boston (City, 2020)"
"Pleasent View Market","1 Savin Hill Ave","","Dorchester","MA","02125","SUFFOLK","Convenience Store","","","USDA","Boston (City, 2020)"
"Portillo Brothers Market","60 Maverick St","","Boston","MA","02128","SUFFOLK","Convenience Store","","","USDA","Boston (City, 2020)"
"Price Rite","650 American Legion Hwy","","Roslindale","MA","02131","SUFFOLK","Super Store","","","USDA","Boston (City, 2020)"
"Price Rite 375","500 Geneva Ave","","Dorchester","MA","02122","SUFFOLK","Super Store","","","USDA","Boston (City, 2020)"
"Price Rite 377","333 Martin Luther King Blvd","","Roxbury","MA","02119","SUFFOLK","Super Store","","","USDA","Boston (City, 2020)"
"Pricerite of Hyde Park 339","870 River St","","Hyde Park","MA","02136","SUFFOLK","Super Store","","","USDA","Boston (City, 2020)"
"Primo Super Market","1349 Blue Hill Ave","","Mattapan","MA","02126","SUFFOLK","Convenience Store","","","USDA","Boston (City, 2020)"
"QUALITY MEAT MARKET","13 Corinth St","","Roslindale","MA","02131","SUFFOLK","Specialty Store","","","USDA","Boston (City, 2020)"
"Quality Mart Inc","21 Massachusetts Ave","","Boston","MA","02115","SUFFOLK","Convenience Store","","","USDA","Boston (City, 2020)"
"Quick Pick Convenience","973 Tremont St","","Roxbury Crossing","MA","02120","SUFFOLK","Convenience Store","","","USDA","Boston (City, 2020)"
"Quincy Market","236 Quincy St","","Dorchester","MA","02121","SUFFOLK","Convenience Store","","","USDA","Boston (City, 2020)"
"R & R Food Market","4355 Washington St","","Roslindale","MA","02131","SUFFOLK","Convenience Store","","","USDA","Boston (City, 2020)"
"Ramzo International Market 1","268 Bowdoin St","Unit B","Dorchester","MA","02122","SUFFOLK","Other","","","USDA","Boston (City, 2020)"
"Readville Mobil","264 Neponset Valley Pkwy","","Hyde Park","MA","02136","SUFFOLK","Convenience Store","","","USDA","Boston (City, 2020)"
"Richdale Food Shops 110","130 Dartmouth St","","Boston","MA","02116","SUFFOLK","Convenience Store","","","USDA","Boston (City, 2020)"
"Richdale Food Shops 120 120","120 Byron St","","East Boston","MA","02128","SUFFOLK","Convenience Store","","","USDA","Boston (City, 2020)"
"Richdale Food Shops 136","1420 Dorchester Ave","","Dorchester","MA","02122","SUFFOLK","Convenience Store","","","USDA","Boston (City, 2020)"
"River Park Food Mart","1503 River St","","Hyde Park","MA","02136","SUFFOLK","Convenience Store","","","USDA","Boston (City, 2020)"
"River Street Premier Petrol","82 River St","","Mattapan","MA","02126","SUFFOLK","Convenience Store","","","USDA","Boston (City, 2020)"
"Rj Smokes & Convenience","844 Blue Hill Ave","","Dorchester Center","MA","02124","SUFFOLK","Convenience Store","","","USDA","Boston (City, 2020)"
"Roche Bros 121","8 Summer St","","Boston","MA","02110","SUFFOLK","Supermarket","","","USDA","Boston (City, 2020)"
"Roche Bros Supermarkets Inc 115","1800 Centre St","","West Roxbury","MA","02132","SUFFOLK","Supermarket","","","USDA","Boston (City, 2020)"
"Romerito Liquors Inc","168 Belgrade Ave","","Roslindale","MA","02131","SUFFOLK","Convenience Store","","","USDA","Boston (City, 2020)"
"Rosa Family Market","696 Blue Hill Ave","","Dorchester","MA","02121","SUFFOLK","Convenience Store","","","USDA","Boston (City, 2020)"
"Rosario Grocery","760 Washington St","","Dorchester Center","MA","02124","SUFFOLK","Convenience Store","","","USDA","Boston (City, 2020)"
"Rosas Tropical Market Inc","120 Washington St","","Dorchester","MA","02121","SUFFOLK","Convenience Store","","","USDA","Boston (City, 2020)"
"Rosedale Convenience","542 Washington St","","Dorchester Center","MA","02124","SUFFOLK","Convenience Store","","","USDA","Boston (City, 2020)"
"Roslindale Farmers Market","4236 Washington St","","Roslindale","MA","02131","SUFFOLK","Farmers and Markets","","","USDA","Boston (City, 2020)"
"Roslindale Food Mart","4443 Washington St","","Roslindale","MA","02131","SUFFOLK","Convenience Store","","","USDA","Boston (City, 2020)"
"Roslindale Market And Take Out","4140 Washington St","","Roslindale","MA","02131","SUFFOLK","Grocery Store","","","USDA","Boston (City, 2020)"
"Roslindale Variety Store","4254 Washington St","","Roslindale","MA","02131","SUFFOLK","Convenience Store","","","USDA","Boston (City, 2020)"
"Rotary Variety","309 Old Colony Ave","","South Boston","MA","02127","SUFFOLK","Convenience Store","","","USDA","Boston (City, 2020)"
"Round Table Urban Garden NAFMNP","7 Sterling Sq","","South Boston","MA","02127","SUFFOLK","Farmers and Markets","","","USDA","Boston (City, 2020)"
"Roxbury Market","2981 Washington St","","Roxbury","MA","02119","SUFFOLK","Grocery Store","","","USDA","Boston (City, 2020)"
"Royal African Caribbean Supermarket","63b Fairmount Ave","","Hyde Park","MA","02136","SUFFOLK","Grocery Store","","","USDA","Boston (City, 2020)"
"Ruggiero's Market","3345 Washington St","","Jamaica Plain","MA","02130","SUFFOLK","Convenience Store","","","USDA","Boston (City, 2020)"
"S S Market 1","1283 River St","","Hyde Park","MA","02136","SUFFOLK","Convenience Store","","","USDA","Boston (City, 2020)"
"S&h Fuel","931 Bennington St","","East Boston","MA","02128","SUFFOLK","Convenience Store","","","USDA","Boston (City, 2020)"
"SCCHC Pharmacy","256 Harrison Ave","","Boston","MA","02111","SUFFOLK","Convenience Store","","","USDA","Boston (City, 2020)"
"SHAW'S SUPERMARKET 1208","246 Border St","","East Boston","MA","02128","SUFFOLK","Supermarket","","","USDA","Boston (City, 2020)"
"SHAW'S SUPERMARKET 2579","1377 Hyde Park Ave","","Hyde Park","MA","02136","SUFFOLK","Supermarket","","","USDA","Boston (City, 2020)"
"SKB Food Mart","156 Washington St","","Dorchester","MA","02121","SUFFOLK","Convenience Store","","","USDA","Boston (City, 2020)"
"Sams Market","500 River St","","Mattapan","MA","02126","SUFFOLK","Convenience Store","","","USDA","Boston (City, 2020)"
"San Juan Market","65 W Dedham St","","Boston","MA","02118","SUFFOLK","Grocery Store","","","USDA","Boston (City, 2020)"
"San Miguel Arcangel Market","317 Sumner St","","East Boston","MA","02128","SUFFOLK","Grocery Store","","","USDA","Boston (City, 2020)"
"Sanchez Market","160 Bunker Hill St","","Charlestown","MA","02129","SUFFOLK","Convenience Store","","","USDA","Boston (City, 2020)"
"Sandy's Market","1973 Columbus Ave","","Roxbury","MA","02119","SUFFOLK","Convenience Store","","","USDA","Boston (City, 2020)"
"Sandy's Variety Store","378 Washington St","","Dorchester Center","MA","02124","SUFFOLK","Grocery Store","","","USDA","Boston (City, 2020)"
"Saratoga Convenience","655 Saratoga St","","East Boston","MA","02128","SUFFOLK","Grocery Store","","","USDA","Boston (City, 2020)"
"Saratoga Market","16 Trident St","","East Boston","MA","02128","SUFFOLK","Convenience Store","","","USDA","Boston (City, 2020)"
"Satya Swami Inc","95 Westland Ave","","Boston","MA","02115","SUFFOLK","Convenience Store","","","USDA","Boston (City, 2020)"
"Saul Mache Mixe Store","1549 Blue Hill Ave","","Mattapan","MA","02126","SUFFOLK","Other","","","USDA","Boston (City, 2020)"
"Seaport Farmers Market 1","21 Stillings St","","Boston","MA","02210","SUFFOLK","Farmers and Markets","","","USDA","Boston (City, 2020)"
"Shawmut Grocery","614 Shawmut Ave","","Boston","MA","02118","SUFFOLK","Grocery Store","","","USDA","Boston (City, 2020)"
"Sids Smoke Shop","1120 Washington St","","Boston","MA","02118","SUFFOLK","Convenience Store","","","USDA","Boston (City, 2020)"
"Siena Farm South End","106 Waltham St","","Boston","MA","02118","SUFFOLK","Farmers and Markets","","","USDA","Boston (City, 2020)"
"Smoke Shop & Variety","666 Centre St","","Jamaica Plain","MA","02130","SUFFOLK","Convenience Store","","","USDA","Boston (City, 2020)"
"Snax Express","60 South St","","Boston","MA","02111","SUFFOLK","Convenience Store","","","USDA","Boston (City, 2020)"
"Sobrinos Market","416 Geneva Ave","","Dorchester","MA","02122","SUFFOLK","Grocery Store","","","USDA","Boston (City, 2020)"
"South Boston Market","626 Dorchester Avenue","Ste A","South Boston","MA","02127","SUFFOLK","Convenience Store","","","USDA","Boston (City, 2020)"
"South Boston Market","636 Dorchester Ave","","South Boston","MA","02127","SUFFOLK","Convenience Store","","","USDA","Boston (City, 2020)"
"South End Food Emporium","469 Columbus Ave","","Boston","MA","02116","SUFFOLK","Grocery Store","","","USDA","Boston (City, 2020)"
"Southie Gas","79 W Broadway","","South Boston","MA","02127","SUFFOLK","Convenience Store","","","USDA","Boston (City, 2020)"
"Speedway 2423","710 Gallivan Blvd","","Dorchester Center","MA","02124","SUFFOLK","Convenience Store","","","USDA","Boston (City, 2020)"
"Speedway 2430","874 Dorchester Ave","","Dorchester","MA","02125","SUFFOLK","Convenience Store","","","USDA","Boston (City, 2020)"
"Speedway 2448","100 Brighton Ave","","Allston","MA","02134","SUFFOLK","Convenience Store","","","USDA","Boston (City, 2020)"
"Speedway 2490","5315 Washington St","","West Roxbury","MA","02132","SUFFOLK","Convenience Store","","","USDA","Boston (City, 2020)"
"Speedway 2509","151 Old Colony Ave","","Boston","MA","02127","SUFFOLK","Convenience Store","","","USDA","Boston (City, 2020)"
"Speedway 2517","1779 Centre St","","West Roxbury","MA","02132","SUFFOLK","Convenience Store","","","USDA","Boston (City, 2020)"
"Square Bite","38 Maverick Sq","","East Boston","MA","02128","SUFFOLK","Convenience Store","","","USDA","Boston (City, 2020)"
"St Peter Market","419 Adams St","","Dorchester","MA","02122","SUFFOLK","Convenience Store","","","USDA","Boston (City, 2020)"
"Star 50 Convenience","303 Geneva Ave","","Dorchester","MA","02121","SUFFOLK","Convenience Store","","","USDA","Boston (City, 2020)"
"Star Food Mart","1266 Hyde Park Ave","","Hyde Park","MA","02136","SUFFOLK","Convenience Store","","","USDA","Boston (City, 2020)"
"Star Market 2576","33 Kilmarnock St","","Boston","MA","02215","SUFFOLK","Supermarket","","","USDA","Boston (City, 2020)"
"Star Market 3577","75 Spring St","","West Roxbury","MA","02132","SUFFOLK","Supermarket","","","USDA","Boston (City, 2020)"
"Star Market 3588","1065 Commonwealth Ave","","Boston","MA","02215","SUFFOLK","Supermarket","","","USDA","Boston (City, 2020)"
"Star Market 3696","90 Causeway St","","Boston","MA","02114","SUFFOLK","Supermarket","","","USDA","Boston (City, 2020)"
"Star Market 4572","370 Western Ave","Ste 1","Brighton","MA","02135","SUFFOLK","Supermarket","","","USDA","Boston (City, 2020)"
"Star Market 4587","45 William T Morrissey Blvd","","Dorchester","MA","02125","SUFFOLK","Supermarket","","","USDA","Boston (City, 2020)"
"Star Market 602","53 Huntington Ave","Prudential New","Boston","MA","02199","SUFFOLK","Supermarket","","","USDA","Boston (City, 2020)"
"Star Market 604","4 River St","","Dorcheste","MA","02124","SUFFOLK","Supermarket","","","USDA","Boston (City, 2020)"
"Stoke BBQ Truck","159 Fuller St","","Dorchester Center","MA","02124","SUFFOLK","Restaurant Meals Program","","","USDA","Boston (City, 2020)"
"Stop & Shop 18","545 Freeport St","","Dorchester","MA","02122","SUFFOLK","Supermarket","","","USDA","Boston (City, 2020)"
"Stop & Shop 2489","305 Guest St","","Allston","MA","02134","SUFFOLK","Supermarket","","","USDA","Boston (City, 2020)"
"Stop & Shop 4","950 American Legion Hwy","","Roslindale","MA","02131","SUFFOLK","Supermarket","","","USDA","Boston (City, 2020)"
"Stop & Shop 412","1620 Tremont St","","Boston","MA","02120","SUFFOLK","Supermarket","","","USDA","Boston (City, 2020)"
"Stop & Shop 413","1025 Truman Hwy","","Hyde Park","MA","02136","SUFFOLK","Supermarket","","","USDA","Boston (City, 2020)"
"Stop & Shop 429","1100 Massachusetts Ave","","Dorchester","MA","02125","SUFFOLK","Supermarket","","","USDA","Boston (City, 2020)"
"Stop & Shop 459","460 Blue Hill Ave","","Dorchester","MA","02121","SUFFOLK","Supermarket","","","USDA","Boston (City, 2020)"
"Stop & Shop 53","713 E Broadway","","South Boston","MA","02127","SUFFOLK","Supermarket","","","USDA","Boston (City, 2020)"
"Stop & Shop 75","301 Centre St","","Jamaica Plain","MA","02130","SUFFOLK","Supermarket","","","USDA","Boston (City, 2020)"
"Stride Corporation","150 Bennington St","","East Boston","MA","02128","SUFFOLK","Grocery Store","","","USDA","Boston (City, 2020)"
"Sumner Market","345 Sumner St","","Boston","MA","02128","SUFFOLK","Convenience Store","","","USDA","Boston (City, 2020)"
"Super Ahorros Market Llc","300 Bennington St","","East Boston","MA","02128","SUFFOLK","Grocery Store","","","USDA","Boston (City, 2020)"
"Super Family Mart","2825 Washington St","","Roxbury","MA","02119","SUFFOLK","Convenience Store","","","USDA","Boston (City, 2020)"
"Symphony Market","291 Huntington Ave","","Boston","MA","02115","SUFFOLK","Grocery Store","","","USDA","Boston (City, 2020)"
"TARGET 1898","7 Allstate Rd","","Dorchester","MA","02125","SUFFOLK","Super Store","","","USDA","Boston (City, 2020)"
"Blue River Food Shop","1239 River St","","Hyde Park","MA","02136","SUFFOLK","Grocery Store","","","USDA","Boston (City, 2020)"
"Bon Sole Market","48 Blue Hill Ave","","Roxbury","MA","02119","SUFFOLK","Convenience Store","","","USDA","Boston (City, 2020)"
"Boston Bazaar","100 Hammond St","","Roxbury Crossing","MA","02120","SUFFOLK","Convenience Store","","","USDA","Boston (City, 2020)"
"Boston Maintenance Supply Inc/BMS Paper","3390 Washington St","","Jamaica Plain","MA","02130","SUFFOLK","Grocery Store","","","USDA","Boston (City, 2020)"
"Boston Public Market Farmers Market","100 Congress St","","Boston","MA","02109","SUFFOLK","Farmers and Markets","","","USDA","Boston (City, 2020)"
"Boston Smoke Shop & Convenience Store","334 Dorchester St","","South Boston","MA","02127","SUFFOLK","Convenience Store","","","USDA","Boston (City, 2020)"
"Boston South Liquor & Spirits 426","106 South St","","Boston","MA","02111","SUFFOLK","Convenience Store","","","USDA","Boston (City, 2020)"
"Bowdoin Food Corp","217 Bowdoin St","","Dorchester","MA","02122","SUFFOLK","Super Store","","","USDA","Boston (City, 2020)"
"Bowdoin Meat Corp","130 Bowdoin St","","Dorchester","MA","02122","SUFFOLK","Grocery Store","","","USDA","Boston (City, 2020)"
"Bread 'N Butter International Market","1562 Tremont St","","Roxbury Crossing","MA","02120","SUFFOLK","Convenience Store","","","USDA","Boston (City, 2020)"
"Brighton Farmers Market","30 Chestnut Hill Ave","","Brighton","MA","02135","SUFFOLK","Farmers and Markets","","","USDA","Boston (City, 2020)"
"Brighton Winter Farmer's Market NAFMNP","640 Washington St","","Brighton","MA","02135","SUFFOLK","Farmers and Markets","","","USDA","Boston (City, 2020)"
"Brooks Variety","32 Brooks St","","Brighton","MA","02135","SUFFOLK","Convenience Store","","","USDA","Boston (City, 2020)"
"Brothers American Legion Inc","606 American Legion Hwy","","Roslindale","MA","02131","SUFFOLK","Grocery Store","","","USDA","Boston (City, 2020)"
"Brothers Supermarket","430 Geneva Ave","","Dorchester","MA","02122","SUFFOLK","Grocery Store","","","USDA","Boston (City, 2020)"
"Brothers Supermarket Ii Inc","776 Dudley St","","Dorchester","MA","02125","SUFFOLK","Super Store","","","USDA","Boston (City, 2020)"
"Brown's Food Market","559 Dudley St","","Dorchester","MA","02125","SUFFOLK","Convenience Store","","","USDA","Boston (City, 2020)"
"Budget Mart n/a","225 Florence St","","Roslindale","MA","02131","SUFFOLK","Convenience Store","","","USDA","Boston (City, 2020)"
"C-mart","50 Herald St","","Boston","MA","02118","SUFFOLK","Super Store","","","USDA","Boston (City, 2020)"
"CIRCLE K 4707521","14 W Broadway","","South Boston","MA","02127","SUFFOLK","Convenience Store","","","USDA","Boston (City, 2020)"
"CITY FEED AND SUPPLY","66A Boylston St","","Jamaica Plain","MA","02130","SUFFOLK","Convenience Store","","","USDA","Boston (City, 2020)"
"CVS PHARMACY  1049","942A Hyde Park Ave","","Hyde Park","MA","02136","SUFFOLK","Other","","","USDA","Boston (City, 2020)"
"CVS PHARMACY  1259","231 Massachusetts Ave","","Boston","MA","02115","SUFFOLK","Other","","","USDA","Boston (City, 2020)"
"CVS PHARMACY  1264","704 Centre St","","Jamaica Plain","MA","02130","SUFFOLK","Other","","","USDA","Boston (City, 2020)"
"CVS PHARMACY  1265","210 Border St","","East Boston","MA","02128","SUFFOLK","Other","","","USDA","Boston (City, 2020)"
"CVS PHARMACY  1889","427 Washington St","","Brighton","MA","02135","SUFFOLK","Other","","","USDA","Boston (City, 2020)"
"CVS PHARMACY  1900","218 Hanover St","","Boston","MA","02113","SUFFOLK","Other","","","USDA","Boston (City, 2020)"
"CVS PHARMACY  2070","467 Centre St","","Jamaica Plain","MA","02130","SUFFOLK","Other","","","USDA","Boston (City, 2020)"
"CVS PHARMACY  2282","703 Gallivan Blvd","","Dorchester Center","MA","02124","SUFFOLK","Other","","","USDA","Boston (City, 2020)"
"CVS PHARMACY  2592","468 Blue Hill Ave","","Dorchester","MA","02121","SUFFOLK","Other","","","USDA","Boston (City, 2020)"
"CVS PHARMACY  524","350 Longwood Ave","","Boston","MA","02115","SUFFOLK","Other","","","USDA","Boston (City, 2020)"
"CVS PHARMACY  979","423 W Broadway","","South Boston","MA","02127","SUFFOLK","Other","","","USDA","Boston (City, 2020)"
"CVS PHARMACY #49 0049","333 Washington St","","Boston","MA","02108","SUFFOLK","Other","","","USDA","Boston (City, 2020)"
"CVS PHARMACY 1024","1266 Commonwealth Ave","","Allston","MA","02134","SUFFOLK","Other","","","USDA","Boston (City, 2020)"
"CVS PHARMACY 117","1921 Centre St","","West Roxbury","MA","02132","SUFFOLK","Other","","","USDA","Boston (City, 2020)"
"CVS PHARMACY 1258","191 Cambridge St","","Boston","MA","02114","SUFFOLK","Other","","","USDA","Boston (City, 2020)"
"CVS PHARMACY 2283","715 William T Morrissey Blvd","","Dorchester","MA","02122","SUFFOLK","Other","","","USDA","Boston (City, 2020)"
"CVS PHARMACY 55","1927 Beacon St","","Brighton","MA","02135","SUFFOLK","Other","","","USDA","Boston (City, 2020)"
"CVS Pharmacy 1009","509 Main St","","Charlestown","MA","02129","SUFFOLK","Other","","","USDA","Boston (City, 2020)"
"CVS Pharmacy 10174","650 Atlantic Ave","","Boston","MA","02111","SUFFOLK","Other","","","USDA","Boston (City, 2020)"
"CVS Pharmacy 1031","4600 Washington St","","Roslindale","MA","02131","SUFFOLK","Other","","","USDA","Boston (City, 2020)"
"CVS Pharmacy 10517","85 Seaport Blvd","Unit-H","Boston","MA","02210","SUFFOLK","Other","","","USDA","Boston (City, 2020)"
"CVS Pharmacy 10868","5 Washington St","","Brighton","MA","02135","SUFFOLK","Other","","","USDA","Boston (City, 2020)"
"CVS Pharmacy 11036","451 Washington St","","Dorchester Center","MA","02124","SUFFOLK","Other","","","USDA","Boston (City, 2020)"
"CVS Pharmacy 11082","345 Harrison Ave","","Boston","MA","02118","SUFFOLK","Other","","","USDA","Boston (City, 2020)"
"CVS Pharmacy 11200","55 Huntington Ave","","Boston","MA","02199","SUFFOLK","Other","","","USDA","Boston (City, 2020)"
"CVS Pharmacy 1199","647 Vfw Pkwy","","Chestnut Hill","MA","02467","SUFFOLK","Other","","","USDA","Boston (City, 2020)"
"CVS Pharmacy 1206","240 Newbury St","Ste 2","Boston","MA","02116","SUFFOLK","Other","","","USDA","Boston (City, 2020)"
"CVS Pharmacy 1217","587 Boylston St","","Boston","MA","02116","SUFFOLK","Other","","","USDA","Boston (City, 2020)"
"CVS Pharmacy 260","155 Charles St","","Boston","MA","02114","SUFFOLK","Other","","","USDA","Boston (City, 2020)"
"CVS Pharmacy 3890","207 Market St","","Brighton","MA","02135","SUFFOLK","Other","","","USDA","Boston (City, 2020)"
"CVS Pharmacy 4666","101A Canal St","","Boston","MA","02114","SUFFOLK","Other","","","USDA","Boston (City, 2020)"
"CVS Pharmacy 471","778 Dudley St","","Dorchester","MA","02125","SUFFOLK","Other","","","USDA","Boston (City, 2020)"
"CVS Pharmacy 5382","181 Brighton Ave","Ste 1","Allston","MA","02134","SUFFOLK","Other","","","USDA","Boston (City, 2020)"
"CVS Pharmacy 5464","1575 Blue Hill Ave","","Mattapan","MA","02126","SUFFOLK","Other","","","USDA","Boston (City, 2020)"
"CVS Pharmacy 5874","631 Washington St","","Boston","MA","02111","SUFFOLK","Other","","","USDA","Boston (City, 2020)"
"CVS Pharmacy 619","1150 Saratoga St","","Boston","MA","02128","SUFFOLK","Other","","","USDA","Boston (City, 2020)"
"CVS Pharmacy 720","2235 Dorchester Ave","","Dorchester Center","MA","02124","SUFFOLK","Other","","","USDA","Boston (City, 2020)"
"CVS Pharmacy 8972","285 Columbus Ave","Ste 1","Boston","MA","02116","SUFFOLK","Other","","","USDA","Boston (City, 2020)"
"CVS Pharmacy CVS11201","191 Stuart St","","Boston","MA","02116","SUFFOLK","Other","","","USDA","Boston (City, 2020)"
"Cambio Latino","984 Saratoga St","","East Boston","MA","02128","SUFFOLK","Convenience Store","","","USDA","Boston (City, 2020)"
"Camilo Market","204 Washington St","","Dorchester","MA","02121","SUFFOLK","Convenience Store","","","USDA","Boston (City, 2020)"
"Camilo Market","280 Centre St","","Jamaica Plain","MA","02130","SUFFOLK","Convenience Store","","","USDA","Boston (City, 2020)"
"Camilos Market","1588 Columbus Ave","","Roxbury","MA","02119","SUFFOLK","Grocery Store","","","USDA","Boston (City, 2020)"
"Cappys Convenience Store","949 Dorchester Ave","","Dorchester","MA","02125","SUFFOLK","Convenience Store","","","USDA","Boston (City, 2020)"
"Caribbean Choice & Varieties","1615 Blue Hill Ave","","Mattapan","MA","02126","SUFFOLK","Grocery Store","","","USDA","Boston (City, 2020)"
"Carmella's Market","86 Cottage St","","East Boston","MA","02128","SUFFOLK","Other","","","USDA","Boston (City, 2020)"
"Casali Market","775 Adams St","","Dorchester Center","MA","02124","SUFFOLK","Convenience Store","","","USDA","Boston (City, 2020)"
"Castillo Family Market Inc.","446 Hyde Park Ave","","Roslindale","MA","02131","SUFFOLK","Convenience Store","","","USDA","Boston (City, 2020)"
"Central Convenience","194 Dudley St","","Roxbury","MA","02119","SUFFOLK","Convenience Store","","","USDA","Boston (City, 2020)"
"Central Convenience","218 Blue Hill Ave","","Roxbury","MA","02119","SUFFOLK","Convenience Store","","","USDA","Boston (City, 2020)"
"Central Convenience","395 Bowdoin St","","Dorchester","MA","02122","SUFFOLK","Convenience Store","","","USDA","Boston (City, 2020)"
"Century Convenience","766 Blue Hill Ave","","Dorchester Center","MA","02124","SUFFOLK","Convenience Store","","","USDA","Boston (City, 2020)"
"Chamas Mart & Convenience Store Inc.","198 Humboldt Ave","","Dorchester","MA","02121","SUFFOLK","Grocery Store","","","USDA","Boston (City, 2020)"
"Chansky's Super Market","1700 Commonwealth Ave","","Brighton","MA","02135","SUFFOLK","Convenience Store","","","USDA","Boston (City, 2020)"
"Cheema Supermarket","562 Cambridge St","","Allston","MA","02134","SUFFOLK","Grocery Store","","","USDA","Boston (City, 2020)"
"Cibao Market","3936 Washington St","","Roslindale","MA","02131","SUFFOLK","Grocery Store","","","USDA","Boston (City, 2020)"
"City Feed And Supply 2","672 Centre St","","Jamaica Plain","MA","02130","SUFFOLK","Other","","","USDA","Boston (City, 2020)"
"Citywide Convienience","1886 Dorchester Ave","","Dorchester Center","MA","02124","SUFFOLK","Convenience Store","","","USDA","Boston (City, 2020)"
"Claudia Market","160 Humboldt Ave","","Dorchester","MA","02121","SUFFOLK","Convenience Store","","","USDA","Boston (City, 2020)"
"Clinton Market","702 American Legion Hwy","","Roslindale","MA","02131","SUFFOLK","Grocery Store","","","USDA","Boston (City, 2020)"
"Codman Square Farmers Market NAFMNP","360 Talbot Ave","","Dorchester Center","MA","02124","SUFFOLK","Farmers and Markets","","","USDA","Boston (City, 2020)"
"Codman Square Market N/A","331 Centre St","","Jamaica Plain","MA","02130","SUFFOLK","Grocery Store","","","USDA","Boston (City, 2020)"
"College Convenience","281 Huntington Ave","","Boston","MA","02115","SUFFOLK","Convenience Store","","","USDA","Boston (City, 2020)"
"Community Convenience","44 Norfolk St","","Dorchester Center","MA","02124","SUFFOLK","Convenience Store","","","USDA","Boston (City, 2020)"
"Compadres Meat Market","3105 Washington St","","Roxbury","MA","02119","SUFFOLK","Grocery Store","","","USDA","Boston (City, 2020)"
"Convenience Corner","1688 Dorchester Ave","","Dorchester","MA","02122","SUFFOLK","Convenience Store","","","USDA","Boston (City, 2020)"
"Convenience Plus","40 Worcester Sq","","Boston","MA","02118","SUFFOLK","Convenience Store","","","USDA","Boston (City, 2020)"
"Copley Food Market","316 Bowdoin St","","Dorchester","MA","02122","SUFFOLK","Grocery Store","","","USDA","Boston (City, 2020)"
"Copley Square Farmers Mkt/Fed of MA FM","Saint James  Dartmouth & Boylston Sts","Copley Square","Boston","MA","02116","SUFFOLK","Farmers and Markets","","","USDA","Boston (City, 2020)"
"Corner Store of BHA","867 Blue Hill Ave","","Dorchester Center","MA","02124","SUFFOLK","Convenience Store","","","USDA","Boston (City, 2020)"
"Court Market","505 Washington St","","Dorchester Center","MA","02124","SUFFOLK","Convenience Store","","","USDA","Boston (City, 2020)"
"Cram Seafood Co Inc","145 Shirley St","","Roxbury","MA","02119","SUFFOLK","Other","","","USDA","Boston (City, 2020)"
"Cristian Market","411 Blue Hill Ave","","Dorchester","MA","02121","SUFFOLK","Convenience Store","","","USDA","Boston (City, 2020)"
"Crown Smoke Shop & More","216 Adams St","","Dorchester","MA","02122","SUFFOLK","Convenience Store","","","USDA","Boston (City, 2020)"
"Cruz Market","237 Bowdoin St","","Dorchester","MA","02122","SUFFOLK","Convenience Store","","","USDA","Boston (City, 2020)"
"Cumberland Farms 3524","148 Chestnut Hill Ave","","Brighton","MA","02135","SUFFOLK","Convenience Store","","","USDA","Boston (City, 2020)"
"Cummins Market","290 Cummins Hwy","","Roslindale","MA","02131","SUFFOLK","Grocery Store","","","USDA","Boston (City, 2020)"
"D & D Convenience Store","1002 Dorchester Ave","","Dorchester","MA","02125","SUFFOLK","Convenience Store","","","USDA","Boston (City, 2020)"
"D Market","658 Washington St","","Dorchester Center","MA","02124","SUFFOLK","Convenience Store","","","USDA","Boston (City, 2020)"
"D'santa Market","146 Norfolk St","","Dorchester Center","MA","02124","SUFFOLK","Grocery Store","","","USDA","Boston (City, 2020)"
"DAVEY'S SUPERMARKET","438 Dudley St","","Roxbury","MA","02119","SUFFOLK","Grocery Store","","","USDA","Boston (City, 2020)"
"DIANA MARKET","170 Cottage St","","East Boston","MA","02128","SUFFOLK","Grocery Store","","","USDA","Boston (City, 2020)"
"Home Market","165 Belgrade Ave","","Roslindale","MA","02131","SUFFOLK","Other","","","USDA","Boston (City, 2020)"
"Hong Kong Supermarket of Allston LLC 1","1 Brighton Ave.","","Allston","MA","02134","SUFFOLK","Super Store","","","USDA","Boston (City, 2020)"
"Huntington Market","1795 Commonwealth Ave","","Brighton","MA","02135","SUFFOLK","Convenience Store","","","USDA","Boston (City, 2020)"
"Huntington Market","818 Huntington Ave","","Boston","MA","02115","SUFFOLK","Convenience Store","","","USDA","Boston (City, 2020)"
"Hyde Park Market","853 River St","","Hyde Park","MA","02136","SUFFOLK","Convenience Store","","","USDA","Boston (City, 2020)"
"Hydepark Convenience","59 Fairmount Ave","","Hyde Park","MA","02136","SUFFOLK","Convenience Store","","","USDA","Boston (City, 2020)"
"International & Natural Bakery","30 Wallingford Rd","Ofc","Brighton","MA","02135","SUFFOLK","Grocery Store","","","USDA","Boston (City, 2020)"
"International Halal Market","1433 Tremont St","","Roxbury Crossing","MA","02120","SUFFOLK","Grocery Store","","","USDA","Boston (City, 2020)"
"J & J Discount Mini Mart","131 W Broadway","","Boston","MA","02127","SUFFOLK","Convenience Store","","","USDA","Boston (City, 2020)"
"J K Market 2","232 Sumner St","","East Boston","MA","02128","SUFFOLK","Grocery Store","","","USDA","Boston (City, 2020)"
"J&G MARKET","274 Hyde Park Ave","","Jamaica Plain","MA","02130","SUFFOLK","Convenience Store","","","USDA","Boston (City, 2020)"
"JP Convenience","546 Centre St","","Jamaica Plain","MA","02130","SUFFOLK","Convenience Store","","","USDA","Boston (City, 2020)"
"JP Convenience Store Inc","36 Gay Head St","","Jamaica Plain","MA","02130","SUFFOLK","Convenience Store","","","USDA","Boston (City, 2020)"
"Jalpa Corporation","573 Dorchester Ave","Ste 1","South Boston","MA","02127","SUFFOLK","Convenience Store","","","USDA","Boston (City, 2020)"
"Jamie's Variety","113 H St","","Boston","MA","02127","SUFFOLK","Convenience Store","","","USDA","Boston (City, 2020)"
"Jesula Variety Store","1549 Blue Hill Ave","","Mattapan","MA","02126","SUFFOLK","Grocery Store","","","USDA","Boston (City, 2020)"
"Jhade Supermarket Inc.","481 Geneva Ave","","Dorchester","MA","02122","SUFFOLK","Grocery Store","","","USDA","Boston (City, 2020)"
"Jia Ho Supermarket","692 Washington St","","Boston","MA","02111","SUFFOLK","Super Store","","","USDA","Boston (City, 2020)"
"Jims Variety","256 W 5th St","","Boston","MA","02127","SUFFOLK","Convenience Store","","","USDA","Boston (City, 2020)"
"Jk Market 1","140 Princeton St","","East Boston","MA","02128","SUFFOLK","Convenience Store","","","USDA","Boston (City, 2020)"
"Joe's Kwik Mart 507","219 Cambridge St","","Allston","MA","02134","SUFFOLK","Convenience Store","","","USDA","Boston (City, 2020)"
"Johnny's Market","1758 River St","","Hyde Park","MA","02136","SUFFOLK","Convenience Store","","","USDA","Boston (City, 2020)"
"Jones Hill Convenience","20 Hancock St","Ste 1","Dorchester","MA","02125","SUFFOLK","Convenience Store","","","USDA","Boston (City, 2020)"
"Jp Corner Store N/A","186 Heath St","Apt 1","Jamaica Plain","MA","02130","SUFFOLK","Grocery Store","","","USDA","Boston (City, 2020)"
"Jus Buy It Records","323 Washington St","","Dorchester","MA","02121","SUFFOLK","Convenience Store","","","USDA","Boston (City, 2020)"
"Kaba African Market","29 Roxbury St","","Roxbury","MA","02119","SUFFOLK","Other","","","USDA","Boston (City, 2020)"
"Kim Fish Market","551 Washington St","","Dorchester Center","MA","02124","SUFFOLK","Specialty Store","","","USDA","Boston (City, 2020)"
"Kim's Fish Market","551 Washington St","","Dorchester Center","MA","02124","SUFFOLK","Specialty Store","","","USDA","Boston (City, 2020)"
"LEE'S SUPERMARKET","1591 Commonwealth Ave","","Brighton","MA","02135","SUFFOLK","Convenience Store","","","USDA","Boston (City, 2020)"
"LORD JEFF","129 Newmarket Sq","","Boston","MA","02118","SUFFOLK","Grocery Store","","","USDA","Boston (City, 2020)"
"La Baguette Prime Bakery 426","637 River St","","Mattapan","MA","02126","SUFFOLK","Other","","","USDA","Boston (City, 2020)"
"La Bamba Market","1 Lorne St","","Dorchester Center","MA","02124","SUFFOLK","Convenience Store","","","USDA","Boston (City, 2020)"
"La Bendicion Supermarket","32 Bennington St","","Boston","MA","02128","SUFFOLK","Convenience Store","","","USDA","Boston (City, 2020)"
"La Borinquena Grocery","534 Dudley St","","Roxbury","MA","02119","SUFFOLK","Grocery Store","","","USDA","Boston (City, 2020)"
"La Esperanza Market","238 Meridian St","","East Boston","MA","02128","SUFFOLK","Convenience Store","","","USDA","Boston (City, 2020)"
"La Favorita Market","66 Harvard Ave","","Allston","MA","02134","SUFFOLK","Grocery Store","","","USDA","Boston (City, 2020)"
"La Parada Dominican Kitchen","3094 Washington St","","Roxbury","MA","02119","SUFFOLK","Restaurant Meals Program","","","USDA","Boston (City, 2020)"
"La Peraviana Market Inc.","3095 Washington St","","Roxbury","MA","02119","SUFFOLK","Convenience Store","","","USDA","Boston (City, 2020)"
"La Riqueza Market Inc","132 Meridian St","","East Boston","MA","02128","SUFFOLK","Grocery Store","","","USDA","Boston (City, 2020)"
"La Union Market And Butchery","105 Chelsea St","","East Boston","MA","02128","SUFFOLK","Grocery Store","","","USDA","Boston (City, 2020)"
"Labatour Goods NAFMNP","512 Park St","","Dorchester Center","MA","02124","SUFFOLK","Farmers and Markets","","","USDA","Boston (City, 2020)"
"Lambert Bros Inc.","777 Morrissey Blvd","","Dorchester","MA","02122","SUFFOLK","Super Store","","","USDA","Boston (City, 2020)"
"Lambert's Marketplace","140 Tremont St","","Boston","MA","02111","SUFFOLK","Convenience Store","","","USDA","Boston (City, 2020)"
"Las Villas Market","78 Mozart St","","Jamaica Plain","MA","02130","SUFFOLK","Grocery Store","","","USDA","Boston (City, 2020)"
"Ledeta Gebeya","381 Dudley St","","Roxbury","MA","02119","SUFFOLK","Other","","","USDA","Boston (City, 2020)"
"Lee's 2 Market","1383 Commonwealth Ave","","Allston","MA","02134","SUFFOLK","Convenience Store","","","USDA","Boston (City, 2020)"
"Lee's Store","982 Dorchester Ave","","Dorchester","MA","02125","SUFFOLK","Convenience Store","","","USDA","Boston (City, 2020)"
"Lily's Market","1286A Blue Hill Ave","","Mattapan","MA","02126","SUFFOLK","Convenience Store","","","USDA","Boston (City, 2020)"
"Lio Meat Corp/America's Food Basket","926 Cummins Hwy","","Mattapan","MA","02126","SUFFOLK","Super Store","","","USDA","Boston (City, 2020)"
"Liriano Grocery","1813 Washington St","","Boston","MA","02118","SUFFOLK","Convenience Store","","","USDA","Boston (City, 2020)"
"Llanera Supermarket","258 E 8th St","# 260","Boston","MA","02127","SUFFOLK","Grocery Store","","","USDA","Boston (City, 2020)"
"Lluvias Dollar Store Plus","3122 Washington St","","Roxbury","MA","02119","SUFFOLK","Convenience Store","","","USDA","Boston (City, 2020)"
"Los Caballeros Market Inc","796 Washington St","","Dorchester Center","MA","02124","SUFFOLK","Grocery Store","","","USDA","Boston (City, 2020)"
"Los Paisanos Market","11 Meridian St","","East Boston","MA","02128","SUFFOLK","Grocery Store","","","USDA","Boston (City, 2020)"
"Lynchs Market","626 Adams St","","Dorchester","MA","02122","SUFFOLK","Convenience Store","","","USDA","Boston (City, 2020)"
"M & R Store","718 Shawmut Ave","","Roxbury","MA","02119","SUFFOLK","Convenience Store","","","USDA","Boston (City, 2020)"
"Mama Supermarket","1178 Blue Hill Ave","","Mattapan","MA","02126","SUFFOLK","Convenience Store","","","USDA","Boston (City, 2020)"
"Mana Supermarket","351 Meridian St","","East Boston","MA","02128","SUFFOLK","Grocery Store","","","USDA","Boston (City, 2020)"
"Marcella Market","80 Marcella St","","Roxbury","MA","02119","SUFFOLK","Convenience Store","","","USDA","Boston (City, 2020)"
"Maria Store","777 Dorchester Ave","","Dorchester","MA","02125","SUFFOLK","Convenience Store","","","USDA","Boston (City, 2020)"
"Maria's Market","1760 Dorchester Ave","","Dorchester","MA","02124","SUFFOLK","Convenience Store","","","USDA","Boston (City, 2020)"
"Marino's Market","1906 Centre St","","West Roxbury","MA","02132","SUFFOLK","Convenience Store","","","USDA","Boston (City, 2020)"
"Marinos Market","1245 Vfw Pkwy","","West Roxbury","MA","02132","SUFFOLK","Convenience Store","","","USDA","Boston (City, 2020)"
"Masud Food Shop","1643 Blue Hill Ave","","Mattapan","MA","02126","SUFFOLK","Convenience Store","","","USDA","Boston (City, 2020)"
"Mattapan Fish Market","1600 Blue Hill Ave","","Mattapan","MA","02126","SUFFOLK","Specialty Store","","","USDA","Boston (City, 2020)"
"Mattapan Gas Station Inc.","682 Cummins Hwy","","Mattapan","MA","02126","SUFFOLK","Convenience Store","","","USDA","Boston (City, 2020)"
"Mattapan Square Farmers' Market","882 Cummins Hwy","Parking Lot #14","Mattapan","MA","02126","SUFFOLK","Farmers and Markets","","","USDA","Boston (City, 2020)"
"Mattapan Square Mobil","1556 Blue Hill Ave","","Mattapan","MA","02126","SUFFOLK","Convenience Store","","","USDA","Boston (City, 2020)"
"Maverick Street Market","207 Maverick St","","East Boston","MA","02128","SUFFOLK","Convenience Store","","","USDA","Boston (City, 2020)"
"Mayfair Foods","506 Cambridge St","","Allston","MA","02134","SUFFOLK","Grocery Store","","","USDA","Boston (City, 2020)"
"10 - Eleven n/a","218 Bowdoin St","","Dorchester","MA","02122","SUFFOLK","Convenience Store","","","USDA","Boston (City, 2020)"
"249 Blue Hill Corp","249 Blue Hill Ave","","Roxbury","MA","02119","SUFFOLK","Grocery Store","","","USDA","Boston (City, 2020)"
"6-Twelve Enterprise Inc.","628 E Broadway","","South Boston","MA","02127","SUFFOLK","Convenience Store","","","USDA","Boston (City, 2020)"
"7 ELEVEN 33467A","1747 Washington St","","Boston","MA","02118","SUFFOLK","Convenience Store","","","USDA","Boston (City, 2020)"
"7 Eleven  (32460D) 32460D","121 Jersey St","","Boston","MA","02215","SUFFOLK","Convenience Store","","","USDA","Boston (City, 2020)"
"7 Eleven (35659A) 35659A","3 Center Plaza","Ste 101A","Boston","MA","02108","SUFFOLK","Convenience Store","","","USDA","Boston (City, 2020)"
"7 Eleven 32442B","722 Huntington Ave","","Boston","MA","02115","SUFFOLK","Convenience Store","","","USDA","Boston (City, 2020)"
"7 Eleven 33568B","473 W Broadway","","Boston","MA","02127","SUFFOLK","Convenience Store","","","USDA","Boston (City, 2020)"
"7 Eleven 37355A","1187 Hyde Park Ave","","Hyde Park","MA","02136","SUFFOLK","Other","","","USDA","Boston (City, 2020)"
"7 Eleven 37375a 37375A","14 Maverick Sq","","East Boston","MA","02128","SUFFOLK","Convenience Store","","","USDA","Boston (City, 2020)"
"7 To 11 Convenience","149 Stoughton St","","Dorchester","MA","02125","SUFFOLK","Convenience Store","","","USDA","Boston (City, 2020)"
"7-Eleven 32454F","584 Washington St","","Brighton","MA","02135","SUFFOLK","Convenience Store","","","USDA","Boston (City, 2020)"
"7-Eleven 34396B","1710 Centre St","","West Roxbury","MA","02132","SUFFOLK","Convenience Store","","","USDA","Boston (City, 2020)"
"7-Eleven 34418a 34418a","342 Hanover Street","","Boston","MA","02113","SUFFOLK","Convenience Store","","","USDA","Boston (City, 2020)"
"7-Eleven 37367A","509 Cambridge St","","Allston","MA","02134","SUFFOLK","Convenience Store","","","USDA","Boston (City, 2020)"
"7-Eleven 37423","177 State St","","Boston","MA","02109","SUFFOLK","Convenience Store","","","USDA","Boston (City, 2020)"
"7-Eleven 37502","187 East Cottage","Dorchester Ave Ma 02125","Dorchester","MA","02125","SUFFOLK","Convenience Store","","","USDA","Boston (City, 2020)"
"7-Eleven Inc. 37511B","7 Spring St","Ste 1","West Roxbury","MA","02132","SUFFOLK","Convenience Store","","","USDA","Boston (City, 2020)"
"7-Eleven Store 32475 32475","451 Centre St","","Jamaica Plain","MA","02130","SUFFOLK","Convenience Store","","","USDA","Boston (City, 2020)"
"7-eleven 32463F","252 W Newton St","","Boston","MA","02116","SUFFOLK","Convenience Store","","","USDA","Boston (City, 2020)"
"7-eleven 32466C","261 Dartmouth St","","Boston","MA","02116","SUFFOLK","Convenience Store","","","USDA","Boston (City, 2020)"
"7-eleven 32467C","2002 Beacon St","","Brighton","MA","02135","SUFFOLK","Convenience Store","","","USDA","Boston (City, 2020)"
"7-eleven 32476C","91 Causeway St","91-99","Boston","MA","02114","SUFFOLK","Convenience Store","","","USDA","Boston (City, 2020)"
"7-eleven 32480C","8 Park Plz","","Boston","MA","02116","SUFFOLK","Convenience Store","","","USDA","Boston (City, 2020)"
"7-eleven 32874C","730 Morrissey Blvd","","Dorchester","MA","02122","SUFFOLK","Convenience Store","","","USDA","Boston (City, 2020)"
"7-eleven 33058D","50 Summer St","","Boston","MA","02110","SUFFOLK","Convenience Store","","","USDA","Boston (City, 2020)"
"7-eleven 33615c 33615C","532 Commonwealth Ave","","Boston","MA","02215","SUFFOLK","Convenience Store","","","USDA","Boston (City, 2020)"
"7-eleven 37362A","140 Main St","","Charlestown","MA","02129","SUFFOLK","Convenience Store","","","USDA","Boston (City, 2020)"
"7-eleven 37368B","241 Market St","","Brighton","MA","02135","SUFFOLK","Convenience Store","","","USDA","Boston (City, 2020)"
"7-eleven 37369A","141 Massachusetts Ave","","Boston","MA","02115","SUFFOLK","Convenience Store","","","USDA","Boston (City, 2020)"
"7-eleven 37371A","122 Cambridge St","","Boston","MA","02114","SUFFOLK","Convenience Store","","","USDA","Boston (City, 2020)"
"7-eleven 37492b 37492B","566 Dorchester Ave","","South Boston","MA","02127","SUFFOLK","Convenience Store","","","USDA","Boston (City, 2020)"
"7-eleven 37526A","1227 Commonwealth Ave","","Allston","MA","02134","SUFFOLK","Convenience Store","","","USDA","Boston (City, 2020)"
"A & P Convenience Store Inc","1622 Blue Hill Ave","","Mattapan","MA","02126","SUFFOLK","Grocery Store","","","USDA","Boston (City, 2020)"
"A Good Mart","27 Harrison Ave","","Boston","MA","02111","SUFFOLK","Grocery Store","","","USDA","Boston (City, 2020)"
"ALLSTON MARKET","169 Harvard Ave","","Allston","MA","02134","SUFFOLK","Grocery Store","","","USDA","Boston (City, 2020)"
"AMERICA'S FOOD BASKET","942 Hyde Park Ave","","Hyde Park","MA","02136","SUFFOLK","Super Store","","","USDA","Boston (City, 2020)"
"Abyssinia Market NO","1127 Harrison Ave","Ste 3","Roxbury","MA","02119","SUFFOLK","Grocery Store","","","USDA","Boston (City, 2020)"
"Ac Farm Market","1429 Dorchester Ave","","Dorchester","MA","02122","SUFFOLK","Specialty Store","","","USDA","Boston (City, 2020)"
"Acropolis Supermarket","533 Columbia Rd","","Dorchester","MA","02125","SUFFOLK","Grocery Store","","","USDA","Boston (City, 2020)"
"Aguasvivas Market Inc","926 Morton St","","Mattapan","MA","02126","SUFFOLK","Grocery Store","","","USDA","Boston (City, 2020)"
"Al Amin Enterprise","728 Dudley St","","Dorchester","MA","02125","SUFFOLK","Convenience Store","","","USDA","Boston (City, 2020)"
"Alex Market IV","462 Talbot Ave","","Dorchester","MA","02124","SUFFOLK","Convenience Store","","","USDA","Boston (City, 2020)"
"America's Food Market","576 Washington St","","Dorchester Center","MA","02124","SUFFOLK","Super Store","","","USDA","Boston (City, 2020)"
"American Food Market","1187 Blue Hill Ave","","Mattapan","MA","02126","SUFFOLK","Grocery Store","","","USDA","Boston (City, 2020)"
"Americas Grocery Llc","970 Blue Hill Ave","","Dorchester Center","MA","02124","SUFFOLK","Convenience Store","","","USDA","Boston (City, 2020)"
"Angels Market","503B Washington St","","Dorchester Center","MA","02124","SUFFOLK","Grocery Store","","","USDA","Boston (City, 2020)"
"Anthonys Market","407A Meridian St","","East Boston","MA","02128","SUFFOLK","Grocery Store","","","USDA","Boston (City, 2020)"
"Apollo's Market","918 Morton St","","Mattapan","MA","02126","SUFFOLK","Convenience Store","","","USDA","Boston (City, 2020)"
"Archana Corporation","77 Stoughton St","","Dorchester","MA","02125","SUFFOLK","Convenience Store","","","USDA","Boston (City, 2020)"
"Aries Market NA","5 Lewis Mall","","East Boston","MA","02128","SUFFOLK","Convenience Store","","","USDA","Boston (City, 2020)"
"Ashley Market Inc","731 Dudley St","","Dorchester","MA","02125","SUFFOLK","Convenience Store","","","USDA","Boston (City, 2020)"
"Ashmont Convenience Store","1996 Dorchester Ave","","Dorchester Center","MA","02124","SUFFOLK","Convenience Store","","","USDA","Boston (City, 2020)"
"Ashmont Farmers Market","1900 Dorchester Ave","","Dorchester Center","MA","02124","SUFFOLK","Farmers and Markets","","","USDA","Boston (City, 2020)"
"Ashmont Food Mart","1921 Dorchester Ave","","Dorchester Center","MA","02124","SUFFOLK","Convenience Store","","","USDA","Boston (City, 2020)"
"Ashmont Market & Liquor","630 Adams St","","Dorchester","MA","02122","SUFFOLK","Grocery Store","","","USDA","Boston (City, 2020)"
"Au Beurre Chaud Bakery","721 River St","","Hyde Park","MA","02136","SUFFOLK","Specialty Store","","","USDA","Boston (City, 2020)"
"B & 4th Street Variety","178 W 4th St","","Boston","MA","02127","SUFFOLK","Convenience Store","","","USDA","Boston (City, 2020)"
"BEREZKA INTERNATIONAL FOOD STORE","1215 Commonwealth Ave","","Allston","MA","02134","SUFFOLK","Grocery Store","","","USDA","Boston (City, 2020)"
"BROTHERS SUPER MARKET","46 Washington St","","Dorchester","MA","02121","SUFFOLK","Super Store","","","USDA","Boston (City, 2020)"
"Babushka Deli","62 Washington St","","Brighton","MA","02135","SUFFOLK","Grocery Store","","","USDA","Boston (City, 2020)"
"Bailey's Too","354 W Broadway","","Boston","MA","02127","SUFFOLK","Convenience Store","","","USDA","Boston (City, 2020)"
"Bay Sweets Market","120 Spring St","","West Roxbury","MA","02132","SUFFOLK","Grocery Store","","","USDA","Boston (City, 2020)"
"Bazaar On Cambridge Street","424 Cambridge St","","Allston","MA","02134","SUFFOLK","Other","","","USDA","Boston (City, 2020)"
"Beacon Convenience","1912 Beacon St","","Brighton","MA","02135","SUFFOLK","Convenience Store","","","USDA","Boston (City, 2020)"
"Beef And Turkey Convenience","290 Washington St","","Brighton","MA","02135","SUFFOLK","Convenience Store","","","USDA","Boston (City, 2020)"
"Bellas Market","73 Maverick Sq","","Boston","MA","02128","SUFFOLK","Convenience Store","","","USDA","Boston (City, 2020)"
"Black Bag Mini Mart Inc","137 Blue Hill Ave","Ste B","Roxbury","MA","02119","SUFFOLK","Convenience Store","","","USDA","Boston (City, 2020)"
"Blue Hill Convience Store","1112 Blue Hill Ave","","Dorchester Center","MA","02124","SUFFOLK","Convenience Store","","","USDA","Boston (City, 2020)"
"Blue Hill Halal Market","20 Blue Hill Ave","","Roxbury","MA","02119","SUFFOLK","Grocery Store","","","USDA","Boston (City, 2020)"
"Blue Hill Market","1366 Blue Hill Ave","","Mattapan","MA","02126","SUFFOLK","Convenience Store","","","USDA","Boston (City, 2020)"
"El Primo Market Inc","230 Columbia Rd","","Dorchester","MA","02121","SUFFOLK","Convenience Store","","","USDA","Boston (City, 2020)"
"El Regreso Market","322 Blue Hill Ave","","Dorchester","MA","02121","SUFFOLK","Convenience Store","","","USDA","Boston (City, 2020)"
"El Valle De La Sultana Market Inc","123 Bennington St","","Boston","MA","02128","SUFFOLK","Grocery Store","","","USDA","Boston (City, 2020)"
"Eladia Mini Market 1","402 Saratoga St","","East Boston","MA","02128","SUFFOLK","Convenience Store","","","USDA","Boston (City, 2020)"
"Elisabeth Market","1 Blue Hill Ave","","Roxbury","MA","02119","SUFFOLK","Convenience Store","","","USDA","Boston (City, 2020)"
"Emmanuel Convenience Store","178 Bennington St","","East Boston","MA","02128","SUFFOLK","Grocery Store","","","USDA","Boston (City, 2020)"
"Emporio Andujar Corporation","4441 Washington St","","Roslindale","MA","02131","SUFFOLK","Convenience Store","","","USDA","Boston (City, 2020)"
"Energy North 2142","3055 Washington St","","Boston","MA","02119","SUFFOLK","Convenience Store","","","USDA","Boston (City, 2020)"
"Erfan's Market","219 Dudley St","","Roxbury","MA","02119","SUFFOLK","Convenience Store","","","USDA","Boston (City, 2020)"
"Ethiopian Market","43 Roxbury St","","Roxbury","MA","02119","SUFFOLK","Specialty Store","","","USDA","Boston (City, 2020)"
"Evan To Go","411 Adams St","","Dorchester","MA","02122","SUFFOLK","Other","","","USDA","Boston (City, 2020)"
"Evelyn's Market","298 Centre St","","Jamaica Plain","MA","02130","SUFFOLK","Convenience Store","","","USDA","Boston (City, 2020)"
"Evidence Of Trust","63 Poplar St","","Roslindale","MA","02131","SUFFOLK","Other","","","USDA","Boston (City, 2020)"
"Express Stop Market 1","124 Harvard St","","Dorchester Center","MA","02124","SUFFOLK","Convenience Store","","","USDA","Boston (City, 2020)"
"FOODIE'S URBAN MARKET","1421 Washington St","","Boston","MA","02118","SUFFOLK","Super Store","","","USDA","Boston (City, 2020)"
"FREDDY'S MARKET INC.","302A Centre St","","Jamaica Plain","MA","02130","SUFFOLK","Grocery Store","","","USDA","Boston (City, 2020)"
"Fairmont Food Mart","674 Truman Hwy","","Hyde Park","MA","02136","SUFFOLK","Convenience Store","","","USDA","Boston (City, 2020)"
"Family Brothers Market","51 Cottage St","","East Boston","MA","02128","SUFFOLK","Grocery Store","","","USDA","Boston (City, 2020)"
"Family Dollar 11662","273 Columbia Rd","","Dorchester","MA","02121","SUFFOLK","Other","","","USDA","Boston (City, 2020)"
"Family Dollar 2684","22 Bennington St","","Boston","MA","02128","SUFFOLK","Other","","","USDA","Boston (City, 2020)"
"Family Dollar Store 7248","995 Blue Hill Ave","Ste 1","Dorchester Center","MA","02124","SUFFOLK","Other","","","USDA","Boston (City, 2020)"
"Family Dollar Store 8063","24 Corinth St","","Roslindale","MA","02131","SUFFOLK","Other","","","USDA","Boston (City, 2020)"
"Family Market","71 Day St","","Jamaica Plain","MA","02130","SUFFOLK","Grocery Store","","","USDA","Boston (City, 2020)"
"Farmers Collaborative Urban Garden NAFMNP","632 Norton St","","Boston","MA","02124","SUFFOLK","Farmers and Markets","","","USDA","Boston (City, 2020)"
"Fastop Inc","914 Huntington Ave","","Boston","MA","02115","SUFFOLK","Convenience Store","","","USDA","Boston (City, 2020)"
"Father & Son","1437 Commonwealth Ave","","Brighton","MA","02135","SUFFOLK","Convenience Store","","","USDA","Boston (City, 2020)"
"Fernandez Cousins Grocery","1150 Blue Hill Ave","","Dorchester Center","MA","02124","SUFFOLK","Grocery Store","","","USDA","Boston (City, 2020)"
"Fernandez Fruit Market","278 Centre St","","Jamaica Plain","MA","02130","SUFFOLK","Specialty Store","","","USDA","Boston (City, 2020)"
"Fernandez Liquor Ii","1216 Blue Hill Ave","","Mattapan","MA","02126","SUFFOLK","Convenience Store","","","USDA","Boston (City, 2020)"
"Fernandez Liquors 6","1151 Blue Hill Ave","","Dorchester Center","MA","02124","SUFFOLK","Convenience Store","","","USDA","Boston (City, 2020)"
"Fernandez Liquors Iii","2665 Washington St","","Roxbury","MA","02119","SUFFOLK","Convenience Store","","","USDA","Boston (City, 2020)"
"Fessenden Family Market","1300 Blue Hill Ave","","Mattapan","MA","02126","SUFFOLK","Grocery Store","","","USDA","Boston (City, 2020)"
"Fields Corner Store","1489 Dorchester Ave","","Dorchester","MA","02122","SUFFOLK","Convenience Store","","","USDA","Boston (City, 2020)"
"First Choice Mkt","185 Howard Ave","","Dorchester","MA","02125","SUFFOLK","Grocery Store","","","USDA","Boston (City, 2020)"
"Fish & Farm Market NAFMNP","234 Northern Ave","","Boston","MA","02210","SUFFOLK","Farmers and Markets","","","USDA","Boston (City, 2020)"
"Foodies South Boston LLC","230 W Broadway","","Boston","MA","02127","SUFFOLK","Super Store","","","USDA","Boston (City, 2020)"
"Foodland 3","199 Adams St","","Dorchester","MA","02122","SUFFOLK","Grocery Store","","","USDA","Boston (City, 2020)"
"Forest Hills Convenience","2 Hyde Park Ave","","Jamaica Plain","MA","02130","SUFFOLK","Convenience Store","","","USDA","Boston (City, 2020)"
"Four Provinces","2253 Dorchester Ave","","Dorchester Center","MA","02124","SUFFOLK","Convenience Store","","","USDA","Boston (City, 2020)"
"Fresh Food Generation","185 Talbot Ave","","Dorchester Center","MA","02124","SUFFOLK","Restaurant Meals Program","","","USDA","Boston (City, 2020)"
"Fresh Truck (Route)","57 Magazine St","","Roxbury","MA","02119","SUFFOLK","Other","","","USDA","Boston (City, 2020)"
"Fuentes Market & Liquors","678 Parker St","","Roxbury Crossing","MA","02120","SUFFOLK","Grocery Store","","","USDA","Boston (City, 2020)"
"Fuller Market","851 Washington St","","Dorchester Center","MA","02124","SUFFOLK","Grocery Store","","","USDA","Boston (City, 2020)"
"G & V Symphony Market","1130 Boylston St","","Boston","MA","02115","SUFFOLK","Convenience Store","","","USDA","Boston (City, 2020)"
"GENEVA GROCERY","385 Geneva Ave","","Dorchester","MA","02122","SUFFOLK","Convenience Store","","","USDA","Boston (City, 2020)"
"GINAS GROCERY","251 Dudley St","","Roxbury","MA","02119","SUFFOLK","Grocery Store","","","USDA","Boston (City, 2020)"
"Garden Halal Meat Market","96A Blackstone St","","Boston","MA","02109","SUFFOLK","Grocery Store","","","USDA","Boston (City, 2020)"
"Giovanni's Market","624 Columbus Ave","","Boston","MA","02118","SUFFOLK","Convenience Store","","","USDA","Boston (City, 2020)"
"Glenway Market","90 Glenway St","","Dorchester","MA","02121","SUFFOLK","Grocery Store","","","USDA","Boston (City, 2020)"
"Global Montello Group Corp. #2777 2777","470 Meridian St","","East Boston","MA","02128","SUFFOLK","Convenience Store","","","USDA","Boston (City, 2020)"
"Gma Corporation","181 Washington St","","Dorchester","MA","02121","SUFFOLK","Convenience Store","","","USDA","Boston (City, 2020)"
"Golden Goose Market","1 First Ave","","Charlestown","MA","02129","SUFFOLK","Supermarket","","","USDA","Boston (City, 2020)"
"Golden Goose Market","179 Commercial St","","Boston","MA","02109","SUFFOLK","Other","","","USDA","Boston (City, 2020)"
"Greek International Food Market","5204 Washington St","","West Roxbury","MA","02132","SUFFOLK","Grocery Store","","","USDA","Boston (City, 2020)"
"Green Basket Market","186 Green St","","Jamaica Plain","MA","02130","SUFFOLK","Convenience Store","","","USDA","Boston (City, 2020)"
"Grove Hall Convenience Market 1","479 Blue Hill Ave","","Dorchester","MA","02121","SUFFOLK","Grocery Store","","","USDA","Boston (City, 2020)"
"Grove Hall Convenience Market 2","292 Talbot Ave","","Dorchester Center","MA","02124","SUFFOLK","Grocery Store","","","USDA","Boston (City, 2020)"
"Hancock Street Market","95 Hancock St","","Dorchester","MA","02125","SUFFOLK","Grocery Store","","","USDA","Boston (City, 2020)"
"Happy Super Mart","122B Seaver St","","Dorchester","MA","02121","SUFFOLK","Convenience Store","","","USDA","Boston (City, 2020)"
"Happy Supermarket","868 Blue Hill Ave","","Dorchester Center","MA","02124","SUFFOLK","Supermarket","","","USDA","Boston (City, 2020)"
"Happy Supermarket And Spirits","128 South St","","Jamaica Plain","MA","02130","SUFFOLK","Grocery Store","","","USDA","Boston (City, 2020)"
"Harbor Point Market","17 Harbor Point Blvd","","Dorchester","MA","02125","SUFFOLK","Convenience Store","","","USDA","Boston (City, 2020)"
"Harold Convenience","206 Harold St","","Dorchester","MA","02121","SUFFOLK","Convenience Store","","","USDA","Boston (City, 2020)"
"Harvard Convenience","157 Brighton Ave","","Allston","MA","02134","SUFFOLK","Convenience Store","","","USDA","Boston (City, 2020)"
"Harvard Street Community Market","55 Harvard St","","Dorchester Center","MA","02124","SUFFOLK","Convenience Store","","","USDA","Boston (City, 2020)"
"Hebron Market","1522 Tremont St","","Mission Hill","MA","02120","SUFFOLK","Grocery Store","","","USDA","Boston (City, 2020)"
"Hillside Market","82 Hillside St","","Roxbury Crossing","MA","02120","SUFFOLK","Convenience Store","","","USDA","Boston (City, 2020)"
"Hiron Inc/DBA La Familia Market","64A Blue Hill Ave","","Roxbury","MA","02119","SUFFOLK","Convenience Store","","","USDA","Boston (City, 2020)"
"DOLLARTREE 8071","1089 Dorchester Ave","","Dorchester","MA","02125","SUFFOLK","Other","","","USDA","Boston (City, 2020)"
"DOLLARTREE 9513","1329 Hyde Park Ave","","Hyde Park","MA","02136","SUFFOLK","Other","","","USDA","Boston (City, 2020)"
"Dacia Market","16 Dacia St","","Dorchester","MA","02125","SUFFOLK","Convenience Store","","","USDA","Boston (City, 2020)"
"Damas Food Products","339 Dudley St","","Roxbury","MA","02119","SUFFOLK","Specialty Store","","","USDA","Boston (City, 2020)"
"Delicias Market 2 Corporation N/A","44 Brooks St","","East Boston","MA","02128","SUFFOLK","Convenience Store","","","USDA","Boston (City, 2020)"
"Delight Corner","32-34 Oxford Street","","Boston","MA","02111","SUFFOLK","Grocery Store","","","USDA","Boston (City, 2020)"
"Deshi Bazar Supermarket","125 Harvard St","","Dorchester Center","MA","02124","SUFFOLK","Grocery Store","","","USDA","Boston (City, 2020)"
"Diana Market","1070 Hyde Park Ave","","Hyde Park","MA","02136","SUFFOLK","Grocery Store","","","USDA","Boston (City, 2020)"
"Djs Market","120 Boston St","","Dorchester","MA","02125","SUFFOLK","Convenience Store","","","USDA","Boston (City, 2020)"
"Dollar General 19117","500 Geneva Ave","","Dorchester","MA","02122","SUFFOLK","Other","","","USDA","Boston (City, 2020)"
"Dollar General 30635","1248 River St","","Hyde Park","MA","02136","SUFFOLK","Other","","","USDA","Boston (City, 2020)"
"Dollar Tree 4577","950 American Legion Hwy","Ste 1","Roslindale","MA","02131","SUFFOLK","Other","","","USDA","Boston (City, 2020)"
"Dollar Tree 6103","1230 VFW Pkwy","","West Roxbury","MA","02132","SUFFOLK","Other","","","USDA","Boston (City, 2020)"
"Dollar Tree 7507","45 Vine St","","Charlestown","MA","02129","SUFFOLK","Other","","","USDA","Boston (City, 2020)"
"Dollar Tree 7679","1580 Vfw Pkwy","","West Roxbury","MA","02132","SUFFOLK","Other","","","USDA","Boston (City, 2020)"
"Dollar Tree 7716","1041 Commonwealth Ave","","Boston","MA","02215","SUFFOLK","Other","","","USDA","Boston (City, 2020)"
"Dollar Tree 7814","26 Talbot Ave","","Dorchester Center","MA","02124","SUFFOLK","Other","","","USDA","Boston (City, 2020)"
"Don Quijote Market","1639 Washington St","","Boston","MA","02118","SUFFOLK","Convenience Store","","","USDA","Boston (City, 2020)"
"Dorchester Food Co-op","195 Bowdoin St","","Dorchester","MA","02122","SUFFOLK","Grocery Store","","","USDA","Boston (City, 2020)"
"Dorchester Gas And Convenience","285 Washington St","","Dorchester","MA","02121","SUFFOLK","Convenience Store","","","USDA","Boston (City, 2020)"
"Dorchester Market","951 Dorchester Ave","","Boston","MA","02125","SUFFOLK","Grocery Store","","","USDA","Boston (City, 2020)"
"Dorchester Mart","783 Blue Hill Ave","","Dorchester Center","MA","02124","SUFFOLK","Convenience Store","","","USDA","Boston (City, 2020)"
"Dream Convenience","109 Franklin St","","Allston","MA","02134","SUFFOLK","Grocery Store","","","USDA","Boston (City, 2020)"
"Dudley Food Mart","693B Dudley St","","Dorchester","MA","02125","SUFFOLK","Convenience Store","","","USDA","Boston (City, 2020)"
"Dudley Town Common Farmers Market 53","383 Dudley St","","Roxbury","MA","02119","SUFFOLK","Farmers and Markets","","","USDA","Boston (City, 2020)"
"Dugout Supermarket","600 Blue Hill Ave","","Dorchester","MA","02121","SUFFOLK","Grocery Store","","","USDA","Boston (City, 2020)"
"E Market","4 Park Plz","","Boston","MA","02116","SUFFOLK","Convenience Store","","","USDA","Boston (City, 2020)"
"East Boston Farmers Market","200 Border St","","East Boston","MA","02128","SUFFOLK","Farmers and Markets","","","USDA","Boston (City, 2020)"
"East Boston Market","290 Meridian St","","East Boston","MA","02128","SUFFOLK","Grocery Store","","","USDA","Boston (City, 2020)"
"East Boston Variety","3 Gladstone St","","Boston","MA","02128","SUFFOLK","Convenience Store","","","USDA","Boston (City, 2020)"
"East Coast Variety","67 Bennington St","","East Boston","MA","02128","SUFFOLK","Convenience Store","","","USDA","Boston (City, 2020)"
"Easties Corner","399 Saratoga St","","East Boston","MA","02128","SUFFOLK","Convenience Store","","","USDA","Boston (City, 2020)"
"Eduardos Market","302 Norfolk St","","Dorchester Center","MA","02124","SUFFOLK","Convenience Store","","","USDA","Boston (City, 2020)"
"El Barrio Convenience","3119 Washington St","","Roxbury","MA","02119","SUFFOLK","Convenience Store","","","USDA","Boston (City, 2020)"
"El Condor Market","337 Paris St","","East Boston","MA","02128","SUFFOLK","Grocery Store","","","USDA","Boston (City, 2020)"
"El Cruce Market","1909 Columbus Ave","","Roxbury","MA","02119","SUFFOLK","Convenience Store","","","USDA","Boston (City, 2020)"
"El Paisa Market And Butchery","1010 Bennington St","","Boston","MA","02128","SUFFOLK","Grocery Store","","","USDA","Boston (City, 2020)"
